,average_time_per_episode,total_training_time,average_reward_obtained_test,gamma
0,0.000943413519859314,18.86827039718628,-37.528,0.5
1,0.0009963906049728394,19.927812099456787,-28.121,0.75
2,0.0010056954979896545,20.11390995979309,-39.209,0.95
3,0.0009722028613090516,19.44405722618103,-53.316,0.99
